[null,{"name":"Help","permissions":"NONE","restriction":"1","actions":[{"channel":"0","varName":"","message":"```\n!Help                      Lists available commands\n!Kick [@user] [reason]     Kicks the mentioned user\n!Ban [@user] [reason]      Bans the mentioned user\n!Mute [@user]              Mutes the mentioned user\n!Unmute [@user]            Unmutes the mentioned user\n!DeleteChannel [#channel]  Deletes the mentioned channel\n!DeleteRole [#channel]     Deletes the mentioned role\n```","storage":"0","varName2":"","name":"Send Message"}],"_id":"FIGID"},{"name":"Kick","permissions":"KICK_MEMBERS","restriction":"1","actions":[{"condition":"1","comparison":"0","value":"1","iftrue":"3","iftrueVal":"2","iffalse":"0","iffalseVal":"","name":"Check Parameters"},{"channel":"0","varName":"","message":"```\nPlease mention one user in order to kick them!\n!Kick [@user] [reason]\n```","storage":"0","varName2":"","name":"Send Message"},{"name":"End Action Sequence"},{"info":"1","infoIndex":"2","storage":"1","varName":"reason","name":"Store Command Params"},{"member":"0","varName":"","reason":"${tempVars(\"reason\") || \"\"}","name":"Kick Member"}],"_id":"tpUfU"},{"name":"Ban","permissions":"BAN_MEMBERS","restriction":"1","actions":[{"condition":"1","comparison":"0","value":"1","iftrue":"3","iftrueVal":"2","iffalse":"0","iffalseVal":"","name":"Check Parameters"},{"channel":"0","varName":"","message":"```\nPlease mention one user in order to ban them!\n!Ban [@user] [reason]\n```","storage":"0","varName2":"","name":"Send Message"},{"name":"End Action Sequence"},{"info":"1","infoIndex":"2","storage":"1","varName":"reason","name":"Store Command Params"},{"member":"0","varName":"","reason":"${tempVars(\"reason\") || \"\"}","name":"Ban Member"}],"_id":"RdQpl"},{"name":"Mute","permissions":"MUTE_MEMBERS","restriction":"1","actions":[{"condition":"1","comparison":"0","value":"1","iftrue":"3","iftrueVal":"2","iffalse":"0","iffalseVal":"","name":"Check Parameters"},{"channel":"0","varName":"","message":"```\nPlease mention one user in order to mute them!\n!Mute [@user]\n```","storage":"0","varName2":"","name":"Send Message"},{"name":"End Action Sequence"},{"member":"0","varName":"","mute":"0","name":"Set Member Mute"}],"_id":"COPnm"},{"name":"Unmute","permissions":"MUTE_MEMBERS","restriction":"1","actions":[{"condition":"1","comparison":"0","value":"1","iftrue":"3","iftrueVal":"2","iffalse":"0","iffalseVal":"","name":"Check Parameters"},{"channel":"0","varName":"","message":"```\nPlease mention one user in order to unmute them!\n!Unmute [@user]\n```","storage":"0","varName2":"","name":"Send Message"},{"name":"End Action Sequence"},{"member":"0","varName":"","mute":"1","name":"Set Member Mute"}],"_id":"MuSeC"},{"name":"DeleteChannel","permissions":"MANAGE_CHANNELS","restriction":"1","actions":[{"condition":"2","comparison":"0","value":"1","iftrue":"3","iftrueVal":"2","iffalse":"0","iffalseVal":"","name":"Check Parameters"},{"channel":"0","varName":"","message":"```\nPlease mention one channel in order to delete it!\n!DeleteChannel [#channel]\n```","storage":"0","varName2":"","name":"Send Message"},{"name":"End Action Sequence"},{"storage":"1","varName":"","name":"Delete Channel"}],"_id":"nvaWE"},{"name":"DeleteRole","permissions":"MANAGE_ROLES","restriction":"1","actions":[{"condition":"3","comparison":"0","value":"1","iftrue":"3","iftrueVal":"2","iffalse":"0","iffalseVal":"","name":"Check Parameters"},{"channel":"0","varName":"","message":"```\nPlease mention one role in order to delete it!\n!DeleteRole [@role]\n```","storage":"0","varName2":"","name":"Send Message"},{"name":"End Action Sequence"},{"storage":"0","varName":"","name":"Delete Role"}],"_id":"UPfqV"}]